{
  "hash": "0400000000000000000000000000000000000000",
  "functions": [
    {
      "name": "init",
      "parameters": [
        {
          "name": "initParams",
          "type": "Array",
          "subType": [
            {
              "name": "",
              "type": "Struct",
              "subType": [
                {
                  "name": "Key",
                  "type": "String"
                },
                {
                  "name": "Value",
                  "type": "String"
                }
              ]
            }
          ]
        },
        {
          "name": "adminAddress",
          "type": "Address"
        }
      ],
      "returntype": "Bool"
    },
    {
      "name": "acceptAdmin",
      "parameters": [
        {
          "name": "adminAddress",
          "type": "Address"
        }
      ],
      "returntype": "Bool"
    },
    {
      "name": "transferAdmin",
      "parameters": [
        {
          "name": "adminAddress",
          "type": "Address"
        }
      ],
      "returntype": "Bool"
    },
    {
      "name": "setOperator",
      "parameters": [
        {
          "name": "operatorAddress",
          "type": "Address"
        }
      ],
      "returntype": "Bool"
    },
    {
      "name": "setGlobalParam",
      "parameters": [
        {
          "name": "params",
          "type": "Array",
          "subType": [
            {
              "name": "",
              "type": "Struct",
              "subType": [
                {
                  "name": "Key",
                  "type": "String"
                },
                {
                  "name": "Value",
                  "type": "String"
                }
              ]
            }
          ]
        }
      ],
      "returntype": "Bool"
    },
    {
      "name": "getGlobalParam",
      "parameters": [
        {
          "name": "paramNameList",
          "type": "Array",
          "subType": [
            {
              "name": "",
              "type": "String"
            }
          ]
        }
      ],
      "returntype": "Array"
    },
    {
      "name": "createSnapshot",
      "parameters": [],
      "returntype": "Bool"
    }
  ]
}