{
  "hash": "0100000000000000000000000000000000000000",
  "functions": [
    {
      "name": "init",
      "parameters": [],
      "returntype": "Bool"
    },
    {
      "name": "transfer",
      "parameters": [
        {
          "name": "states",
          "type": "Array",
          "subType": [
            {
              "name": "state",
              "type": "Struct",
              "subType": [
                {
                  "name": "from",
                  "type": "Address"
                },
                {
                  "name": "to",
                  "type": "Address"
                },
                {
                  "name": "value",
                  "type": "Int"
                }
              ]
            }
          ]
        }
      ],
      "returntype": "Bool"
    },
    {
      "name": "approve",
      "parameters": [
        {
          "name": "from",
          "type": "Address"
        },
        {
          "name": "to",
          "type": "Address"
        },
        {
          "name": "value",
          "type": "Int"
        }
      ],
      "returntype": "Bool"
    },
    {
      "name": "transferFrom",
      "parameters": [
        {
          "name": "sender",
          "type": "Address"
        },
        {
          "name": "from",
          "type": "Address"
        },
        {
          "name": "to",
          "type": "Address"
        },
        {
          "name": "value",
          "type": "Int"
        }
      ],
      "returntype": "Bool"
    },
    {
      "name": "name",
      "parameters": [],
      "returntype": "String"
    },
    {
      "name": "symbol",
      "parameters": [],
      "returntype": "String"
    },
    {
      "name": "decimals",
      "parameters": [],
      "returntype": "Int"
    },
    {
      "name": "totalSupply",
      "parameters": [],
      "returntype": "Int"
    },
    {
      "name": "balanceOf",
      "parameters": [
        {
          "name": "account",
          "type": "Address"
        }
      ],
      "returntype": "Int"
    },
    {
      "name": "allowance",
      "parameters": [
        {
          "name": "from",
          "type": "Address"
        },
        {
          "name": "to",
          "type": "Address"
        }
      ],
      "returntype": "Int"
    }
  ],
  "events": [
    {
      "name": "transfer",
      "parameters": [
        {
          "name": "from",
          "type": "Address"
        },
        {
          "name": "to",
          "type": "Address"
        },
        {
          "name": "value",
          "type": "Int"
        }
      ]
    }
  ]
}